train_loss_ssl,epoch,step
1.7111289501190186,4,49
1.1216996908187866,9,99
